id;dni;apellido;nombre;trabajo;correo;ciudad;pais
1;30919537;Alldridge;Enoch;Auditor;Enoch_Alldridge440@deons.tech;Worcester;Vietnam
2;50696081;Doherty;Noah;Treasurer;Noah_Doherty3511@deons.tech;Venice;Marshall Islands
3;41858450;Gates;Rae;HR Coordinator;Rae_Gates7739@sveldo.biz;Memphis;Cameroon
4;57597223;Forth;Nicholas;Lecturer;Nicholas_Forth1084@supunk.biz;Boston;Uzbekistan
5;12325238;Ingram;Faith;Health Educator;Faith_Ingram6155@vetan.org;Seattle;Bolivia
6;22788934;Gordon;Ellen;Physician;Ellen_Gordon7739@elnee.tech;Washington;Finland
7;47180971;Evans;Penny;Loan Officer;Penny_Evans6107@gembat.biz;Milano;Libya
8;27159114;Gavin;Chris;Doctor;Chris_Gavin1952@yahoo.com;Madison;Malaysia
9;21422560;Morgan;Ruby;Clerk;Ruby_Morgan5195@vetan.org;Lancaster;Swaziland
10;15523086;Bennett;Jacob;Physician;Jacob_Bennett6283@jiman.org;Fayetteville;Fiji
11;15574007;Larsen;Noah;Budget Analyst;Noah_Larsen8537@acrit.org;Hollywood;Uruguay
12;52683021;Nicholls;Janice;Budget Analyst;Janice_Nicholls2108@jiman.org;Berna;Serbia
13;45500510;Forth;Chris;Lecturer;Chris_Forth9044@joiniaa.com;San Bernardino;Dominican Republic
14;8296343;Stevens;Meredith;Audiologist;Meredith_Stevens313@nanoff.biz;Sacramento;Iraq
